Model,Num_Correct,Num_Wrong,Num_Unanswered,Num_Questions,MacroF1,Num_Correct_Single,Num_Wrong_Single,Num_Unanswered_Single,Num_Questions_Single,MacroF1_Single,Num_Correct_Multi,Num_Wrong_Multi,Num_Unanswered_Multi,Num_Questions_Multi,MacroF1_Multi,Num_Correct_Transfer,Num_Wrong_Transfer,Num_Unanswered_Transfer,Num_Questions_Transfer,MacroF1_Transfer
gpt4,75,19,1,95,0.704187303924146,27,6,1,34,0.7941176470588235,31,7,0,38,0.6765567765567765,17,6,0,23,0.6168972332015809
llama2_0e,27,57,11,95,0.13453593365564942,7,24,3,34,0.09140989729225023,15,21,2,38,0.19946431200044357,5,12,6,23,0.09101449275362318
llama2_1e,2,2,91,95,0.01214574898785425,0,1,33,34,0.0,1,1,36,38,0.004048582995951417,1,0,22,23,0.043478260869565216
llama2_3e,19,37,39,95,0.10011514800988484,6,13,16,35,0.10428571428571429,7,13,18,38,0.06902220586431113,6,11,5,22,0.1471861471861472
