Model,Num_Correct,Num_Wrong,Num_Unanswered,Num_Questions,MacroF1,Num_Correct_Single,Num_Wrong_Single,Num_Unanswered_Single,Num_Questions_Single,MacroF1_Single,Num_Correct_Multi,Num_Wrong_Multi,Num_Unanswered_Multi,Num_Questions_Multi,MacroF1_Multi,Num_Correct_Transfer,Num_Wrong_Transfer,Num_Unanswered_Transfer,Num_Questions_Transfer,MacroF1_Transfer
gpt4,77,19,1,97,0.710286534771071,29,8,1,38,0.7631578947368421,32,6,0,38,0.7028725660304607,16,5,0,21,0.6280303030303029
llama2_0e,27,59,11,97,0.13035618619508307,7,28,3,38,0.08178780284043441,15,21,2,38,0.19587579525403206,5,10,6,21,0.09968253968253968
llama2_1e,2,2,93,97,0.011895321173671689,0,1,37,38,0.0,1,1,36,38,0.004048582995951417,1,0,20,21,0.047619047619047616
llama2_3e,19,37,41,97,0.09152170853201783,6,13,19,38,0.09605263157894736,7,13,18,38,0.06902220586431113,6,11,4,21,0.1240362811791383
